Account,Influence Score,Total Impressions,Total Engagements,Human Followers,Bot Followers,Tweets,Avg Tweet Quality,Avg Engagement Rate,Tweet Probability,Popularity Multiplier,DoNotUse
1,11.713,479719,23530,1100,0,1000,0.100,0.050,1.000,1.022,0
2,9.081,373935,18243,853,0,1000,0.100,0.050,1.000,1.015,0
3,10.287,422731,20665,958,0,1000,0.100,0.050,1.000,1.018,0
4,11.255,461621,22610,1062,0,1000,0.100,0.050,1.000,1.017,0
5,10.082,414332,20254,939,0,1000,0.100,0.050,1.000,1.019,0
6,8.021,331190,16113,719,0,1000,0.100,0.050,1.000,1.017,0
7,7.797,322634,15664,729,0,1000,0.100,0.050,1.000,1.014,0
8,10.312,423852,20715,958,0,1000,0.100,0.050,1.000,1.018,0
9,13.778,562957,27679,1354,0,1000,0.100,0.050,1.000,1.017,0
10,7.675,317564,15418,707,0,1000,0.100,0.050,1.000,1.020,0
1,8.602,366383,17853,814,0,1000,0.100,0.050,1.000,1.016,0
2,11.498,486521,23864,1073,0,1000,0.100,0.050,1.000,1.018,0
3,12.367,522739,25668,1203,0,1000,0.100,0.050,1.000,1.020,0
4,11.486,486282,23839,1084,0,1000,0.100,0.050,1.000,1.023,0
5,11.267,477382,23386,1109,0,1000,0.100,0.050,1.000,1.019,0
6,8.677,369400,18009,777,0,1000,0.100,0.050,1.000,1.016,0
7,8.726,371212,18111,822,0,1000,0.100,0.050,1.000,1.014,0
8,8.711,370850,18080,836,0,1000,0.100,0.050,1.000,1.018,0
9,7.938,338944,16476,768,0,1000,0.100,0.050,1.000,1.018,0
10,10.729,454576,22268,1042,0,1000,0.100,0.050,1.000,1.018,0
1,10.358,464688,22767,1053,0,1000,0.100,0.050,1.000,1.023,0
2,9.861,442463,21675,1013,0,1000,0.100,0.050,1.000,1.020,0
3,9.264,416876,20362,916,0,1000,0.100,0.050,1.000,1.019,0
4,7.815,352651,17177,790,0,1000,0.100,0.050,1.000,1.016,0
5,11.445,512551,25158,1251,0,1000,0.100,0.050,1.000,1.021,0
6,9.955,446852,21882,1016,0,1000,0.100,0.050,1.000,1.021,0
7,10.972,491829,24117,1154,0,1000,0.100,0.050,1.000,1.024,0
8,9.636,432813,21180,1009,0,1000,0.100,0.050,1.000,1.016,0
9,9.178,412825,20174,915,0,1000,0.100,0.050,1.000,1.020,0
10,11.517,515616,25316,1181,0,1000,0.100,0.050,1.000,1.019,0
1,11.183,509386,25001,1136,0,1000,0.100,0.050,1.000,1.022,0
2,11.083,504876,24777,1170,0,1000,0.100,0.050,1.000,1.025,0
3,10.814,492981,24175,1172,0,1000,0.100,0.050,1.000,1.017,0
4,10.785,491627,24110,1134,0,1000,0.100,0.050,1.000,1.019,0
5,9.827,448864,21969,1022,0,1000,0.100,0.050,1.000,1.016,0
6,10.032,457630,22428,1039,0,1000,0.100,0.050,1.000,1.020,0
7,8.839,404543,19761,937,0,1000,0.100,0.050,1.000,1.016,0
8,7.672,352298,17152,846,0,1000,0.100,0.050,1.000,1.018,0
9,10.588,482977,23670,1149,0,1000,0.100,0.050,1.000,1.018,0
10,9.176,419795,20514,932,0,1000,0.100,0.050,1.000,1.021,0
1,10.775,466856,22865,1090,0,1000,0.100,0.050,1.000,1.016,0
2,12.348,533472,26202,1214,0,1000,0.100,0.050,1.000,1.017,0
3,7.166,313522,15207,665,0,1000,0.100,0.050,1.000,1.015,0
4,10.797,467719,22911,1078,0,1000,0.100,0.050,1.000,1.020,0
5,10.996,475695,23333,1135,0,1000,0.100,0.050,1.000,1.025,0
6,8.747,380778,18560,843,0,1000,0.100,0.050,1.000,1.013,0
7,11.583,501404,24578,1206,0,1000,0.100,0.050,1.000,1.019,0
8,9.168,398226,19455,894,0,1000,0.100,0.050,1.000,1.015,0
9,9.798,425567,20792,945,0,1000,0.100,0.050,1.000,1.018,0
10,8.622,375280,18295,811,0,1000,0.100,0.050,1.000,1.014,0
1,10.692,485506,23809,1114,0,1000,0.100,0.050,1.000,1.024,0
2,12.858,581994,28632,1382,0,1000,0.100,0.050,1.000,1.019,0
3,9.880,449835,21999,1031,0,1000,0.100,0.050,1.000,1.018,0
4,10.209,464223,22732,1037,0,1000,0.100,0.050,1.000,1.017,0
5,9.764,443984,21742,970,0,1000,0.100,0.050,1.000,1.018,0
6,10.919,495847,24314,1172,0,1000,0.100,0.050,1.000,1.022,0
7,8.316,379732,18517,857,0,1000,0.100,0.050,1.000,1.015,0
8,9.535,434044,21232,1057,0,1000,0.100,0.050,1.000,1.018,0
9,7.912,361834,17618,877,0,1000,0.100,0.050,1.000,1.019,0
10,9.915,450986,22078,1020,0,1000,0.100,0.050,1.000,1.015,0
1,11.833,508348,24962,1198,0,1000,0.100,0.050,1.000,1.017,0
2,10.004,431632,21103,988,0,1000,0.100,0.050,1.000,1.019,0
3,10.634,458077,22431,1064,0,1000,0.100,0.050,1.000,1.018,0
4,9.438,407545,19909,952,0,1000,0.100,0.050,1.000,1.019,0
5,8.527,368996,17987,860,0,1000,0.100,0.050,1.000,1.016,0
6,10.645,458480,22456,1041,0,1000,0.100,0.050,1.000,1.020,0
7,8.225,356314,17351,807,0,1000,0.100,0.050,1.000,1.016,0
8,10.163,437976,21439,987,0,1000,0.100,0.050,1.000,1.017,0
9,11.030,474855,23268,1139,0,1000,0.100,0.050,1.000,1.015,0
10,9.499,410242,20038,915,0,1000,0.100,0.050,1.000,1.017,0
1,11.210,451042,22074,1102,0,1000,0.100,0.050,1.000,1.022,0
2,9.620,388469,18944,891,0,1000,0.100,0.050,1.000,1.014,0
3,12.958,519891,25516,1160,0,1000,0.100,0.050,1.000,1.021,0
4,9.326,376276,18365,818,0,1000,0.100,0.050,1.000,1.014,0
5,8.703,352261,17138,744,0,1000,0.100,0.050,1.000,1.014,0
6,9.757,393546,19213,920,0,1000,0.100,0.050,1.000,1.019,0
7,9.373,378525,18458,809,0,1000,0.100,0.050,1.000,1.016,0
8,9.813,395887,19323,883,0,1000,0.100,0.050,1.000,1.018,0
9,11.076,445675,21810,1029,0,1000,0.100,0.050,1.000,1.018,0
10,8.164,330857,16077,743,0,1000,0.100,0.050,1.000,1.016,0
1,10.628,447293,21888,1030,0,1000,0.100,0.050,1.000,1.015,0
2,8.997,379708,18529,881,0,1000,0.100,0.050,1.000,1.017,0
3,10.428,438722,21475,1084,0,1000,0.100,0.050,1.000,1.023,0
4,8.943,377463,18417,874,0,1000,0.100,0.050,1.000,1.024,0
5,11.715,492017,24126,1133,0,1000,0.100,0.050,1.000,1.025,0
6,9.513,400726,19592,852,0,1000,0.100,0.050,1.000,1.018,0
7,10.071,424289,20740,968,0,1000,0.100,0.050,1.000,1.018,0
8,9.409,396996,19377,900,0,1000,0.100,0.050,1.000,1.016,0
9,10.900,458455,22448,994,0,1000,0.100,0.050,1.000,1.017,0
10,9.395,396205,19349,881,0,1000,0.100,0.050,1.000,1.017,0
1,9.811,431174,21078,994,0,1000,0.100,0.050,1.000,1.021,0
2,8.627,380171,18535,819,0,1000,0.100,0.050,1.000,1.015,0
3,8.640,380991,18563,875,0,1000,0.100,0.050,1.000,1.024,0
4,12.006,525510,25794,1190,0,1000,0.100,0.050,1.000,1.023,0
5,9.254,406883,19882,915,0,1000,0.100,0.050,1.000,1.016,0
6,11.102,486432,23851,1114,0,1000,0.100,0.050,1.000,1.025,0
7,11.522,504485,24753,1158,0,1000,0.100,0.050,1.000,1.020,0
8,9.370,412065,20131,933,0,1000,0.100,0.050,1.000,1.015,0
9,10.979,481452,23587,1134,0,1000,0.100,0.050,1.000,1.018,0
10,8.689,383054,18667,865,0,1000,0.100,0.050,1.000,1.013,0
1,10.853,515824,25320,1184,0,1000,0.100,0.050,1.000,1.025,0
2,11.494,545659,26817,1290,0,1000,0.100,0.050,1.000,1.019,0
3,10.374,493387,24204,1151,0,1000,0.100,0.050,1.000,1.021,0
4,10.607,504348,24747,1226,0,1000,0.100,0.050,1.000,1.023,0
5,8.932,426051,20840,928,0,1000,0.100,0.050,1.000,1.018,0
6,8.330,398097,19435,918,0,1000,0.100,0.050,1.000,1.012,0
7,10.984,521989,25627,1171,0,1000,0.100,0.050,1.000,1.024,0
8,9.141,435788,21327,990,0,1000,0.100,0.050,1.000,1.018,0
9,10.030,477194,23400,1095,0,1000,0.100,0.050,1.000,1.017,0
10,9.254,441250,21589,950,0,1000,0.100,0.050,1.000,1.016,0
1,9.586,453909,22225,998,0,1000,0.100,0.050,1.000,1.016,0
2,9.093,431146,21082,1071,0,1000,0.100,0.050,1.000,1.017,0
3,7.031,335164,16301,751,0,1000,0.100,0.050,1.000,1.020,0
4,7.750,368889,17967,786,0,1000,0.100,0.050,1.000,1.016,0
5,12.092,570183,28034,1246,0,1000,0.100,0.050,1.000,1.020,0
6,9.881,467417,22909,1065,0,1000,0.100,0.050,1.000,1.020,0
7,11.911,561661,27615,1282,0,1000,0.100,0.050,1.000,1.021,0
8,9.563,452598,22170,1065,0,1000,0.100,0.050,1.000,1.020,0
9,11.395,537612,26418,1203,0,1000,0.100,0.050,1.000,1.023,0
10,11.697,551846,27119,1295,0,1000,0.100,0.050,1.000,1.020,0
1,9.875,429158,20976,1004,0,1000,0.100,0.050,1.000,1.019,0
2,8.625,375643,18322,844,0,1000,0.100,0.050,1.000,1.024,0
3,10.698,464007,22726,1077,0,1000,0.100,0.050,1.000,1.014,0
4,8.963,390174,19039,865,0,1000,0.100,0.050,1.000,1.018,0
5,9.683,420663,20568,938,0,1000,0.100,0.050,1.000,1.019,0
6,10.935,473922,23228,1132,0,1000,0.100,0.050,1.000,1.022,0
7,9.594,417051,20381,971,0,1000,0.100,0.050,1.000,1.017,0
8,12.575,543404,26712,1279,0,1000,0.100,0.050,1.000,1.017,0
9,9.970,432909,21178,1032,0,1000,0.100,0.050,1.000,1.027,0
10,9.083,395160,19294,918,0,1000,0.100,0.050,1.000,1.022,0
1,11.461,506012,24839,1172,0,1000,0.100,0.050,1.000,1.026,0
2,6.652,297548,14417,678,0,1000,0.100,0.050,1.000,1.016,0
3,10.011,443426,21695,1054,0,1000,0.100,0.050,1.000,1.019,0
4,13.349,588164,28930,1455,0,1000,0.100,0.050,1.000,1.024,0
5,10.509,465086,22775,1049,0,1000,0.100,0.050,1.000,1.018,0
6,9.691,429560,21003,1009,0,1000,0.100,0.050,1.000,1.019,0
7,9.232,409584,20008,992,0,1000,0.100,0.050,1.000,1.017,0
8,8.979,398529,19460,838,0,1000,0.100,0.050,1.000,1.014,0
9,9.417,417632,20408,986,0,1000,0.100,0.050,1.000,1.019,0
10,10.698,473119,23185,1070,0,1000,0.100,0.050,1.000,1.021,0
1,9.520,425891,20831,997,0,1000,0.100,0.050,1.000,1.016,0
2,10.291,459434,22519,1042,0,1000,0.100,0.050,1.000,1.018,0
3,8.286,372027,18132,842,0,1000,0.100,0.050,1.000,1.018,0
4,9.742,435849,21318,1029,0,1000,0.100,0.050,1.000,1.021,0
5,10.057,449745,22007,983,0,1000,0.100,0.050,1.000,1.018,0
6,9.839,439702,21529,995,0,1000,0.100,0.050,1.000,1.017,0
7,10.969,489423,24001,1132,0,1000,0.100,0.050,1.000,1.019,0
8,9.345,418555,20448,948,0,1000,0.100,0.050,1.000,1.013,0
9,10.697,477768,23407,1114,0,1000,0.100,0.050,1.000,1.022,0
10,11.254,502078,24625,1197,0,1000,0.100,0.050,1.000,1.017,0
1,9.503,397820,19423,853,0,1000,0.100,0.050,1.000,1.016,0
2,11.195,467308,22880,1031,0,1000,0.100,0.050,1.000,1.017,0
3,9.596,401460,19613,910,0,1000,0.100,0.050,1.000,1.014,0
4,11.627,484373,23763,1091,0,1000,0.100,0.050,1.000,1.021,0
5,9.970,416949,20377,993,0,1000,0.100,0.050,1.000,1.019,0
6,10.449,436827,21355,1021,0,1000,0.100,0.050,1.000,1.019,0
7,9.326,390724,19060,877,0,1000,0.100,0.050,1.000,1.022,0
8,7.309,308268,14938,647,0,1000,0.100,0.050,1.000,1.015,0
9,7.685,323565,15707,681,0,1000,0.100,0.050,1.000,1.019,0
10,13.340,554424,27265,1261,0,1000,0.100,0.050,1.000,1.023,0
1,9.779,370854,18069,819,0,1000,0.100,0.050,1.000,1.017,0
2,10.015,379510,18505,840,0,1000,0.100,0.050,1.000,1.014,0
3,8.861,336693,16372,775,0,1000,0.100,0.050,1.000,1.020,0
4,9.264,351892,17118,774,0,1000,0.100,0.050,1.000,1.013,0
5,8.391,319201,15505,689,0,1000,0.100,0.050,1.000,1.014,0
6,9.994,379014,18466,810,0,1000,0.100,0.050,1.000,1.016,0
7,11.665,440400,21553,1068,0,1000,0.100,0.050,1.000,1.020,0
8,10.993,415424,20312,929,0,1000,0.100,0.050,1.000,1.023,0
9,8.881,337596,16409,753,0,1000,0.100,0.050,1.000,1.018,0
10,12.158,458372,22464,1011,0,1000,0.100,0.050,1.000,1.023,0
1,8.020,351200,17092,749,0,1000,0.100,0.050,1.000,1.014,0
2,9.933,432954,21170,957,0,1000,0.100,0.050,1.000,1.016,0
3,10.174,442812,21683,1044,0,1000,0.100,0.050,1.000,1.015,0
4,10.992,478040,23426,1064,0,1000,0.100,0.050,1.000,1.019,0
5,8.467,370093,18046,827,0,1000,0.100,0.050,1.000,1.021,0
6,9.048,395634,19284,969,0,1000,0.100,0.050,1.000,1.021,0
7,12.873,558245,27435,1312,0,1000,0.100,0.050,1.000,1.020,0
8,9.414,410744,20063,937,0,1000,0.100,0.050,1.000,1.025,0
9,10.371,451373,22104,975,0,1000,0.100,0.050,1.000,1.016,0
10,10.709,465854,22823,1066,0,1000,0.100,0.050,1.000,1.020,0
1,7.658,348251,16949,732,0,1000,0.100,0.050,1.000,1.011,0
2,12.429,559769,27509,1344,0,1000,0.100,0.050,1.000,1.016,0
3,8.690,394204,19235,847,0,1000,0.100,0.050,1.000,1.013,0
4,11.235,506441,24868,1101,0,1000,0.100,0.050,1.000,1.013,0
5,10.756,485406,23807,1076,0,1000,0.100,0.050,1.000,1.028,0
6,12.232,551140,27075,1232,0,1000,0.100,0.050,1.000,1.022,0
7,9.423,426459,20857,958,0,1000,0.100,0.050,1.000,1.022,0
8,7.834,355970,17339,793,0,1000,0.100,0.050,1.000,1.015,0
9,10.953,494021,24244,1183,0,1000,0.100,0.050,1.000,1.019,0
10,8.790,398313,19455,923,0,1000,0.100,0.050,1.000,1.020,0
1,9.236,394676,19264,851,0,1000,0.100,0.050,1.000,1.017,0
2,8.572,366904,17879,767,0,1000,0.100,0.050,1.000,1.017,0
3,9.972,425271,20800,967,0,1000,0.100,0.050,1.000,1.021,0
4,8.614,368507,17968,824,0,1000,0.100,0.050,1.000,1.021,0
5,9.236,394578,19265,933,0,1000,0.100,0.050,1.000,1.018,0
6,9.292,397147,19381,932,0,1000,0.100,0.050,1.000,1.020,0
7,11.562,491467,24116,1096,0,1000,0.100,0.050,1.000,1.019,0
8,11.206,476662,23373,1115,0,1000,0.100,0.050,1.000,1.021,0
9,10.850,462348,22632,1093,0,1000,0.100,0.050,1.000,1.021,0
10,11.462,487220,23907,1146,0,1000,0.100,0.050,1.000,1.021,0
1,9.554,402569,19663,938,0,1000,0.100,0.050,1.000,1.018,0
2,10.955,460401,22547,1094,0,1000,0.100,0.050,1.000,1.020,0
3,10.271,431933,21138,978,0,1000,0.100,0.050,1.000,1.023,0
4,11.666,489382,24010,1182,0,1000,0.100,0.050,1.000,1.020,0
5,9.761,411186,20089,940,0,1000,0.100,0.050,1.000,1.021,0
6,12.338,517266,25393,1137,0,1000,0.100,0.050,1.000,1.020,0
7,9.479,399600,19509,841,0,1000,0.100,0.050,1.000,1.016,0
8,6.934,294677,14271,605,0,1000,0.100,0.050,1.000,1.020,0
9,11.146,468178,22939,1077,0,1000,0.100,0.050,1.000,1.017,0
10,7.897,334195,16253,777,0,1000,0.100,0.050,1.000,1.016,0
1,12.073,499962,24526,1140,0,1000,0.100,0.050,1.000,1.022,0
2,10.143,421775,20604,966,0,1000,0.100,0.050,1.000,1.018,0
3,10.848,450313,22036,1053,0,1000,0.100,0.050,1.000,1.020,0
4,7.311,306160,14851,673,0,1000,0.100,0.050,1.000,1.013,0
5,8.801,367192,17879,766,0,1000,0.100,0.050,1.000,1.017,0
6,10.139,421252,20597,958,0,1000,0.100,0.050,1.000,1.021,0
7,12.312,509744,25011,1165,0,1000,0.100,0.050,1.000,1.022,0
8,8.584,358098,17437,825,0,1000,0.100,0.050,1.000,1.015,0
9,8.307,347192,16874,772,0,1000,0.100,0.050,1.000,1.016,0
10,11.483,475986,23326,1062,0,1000,0.100,0.050,1.000,1.022,0
1,8.047,342858,16678,784,0,1000,0.100,0.050,1.000,1.020,0
2,9.918,420790,20557,946,0,1000,0.100,0.050,1.000,1.023,0
3,8.375,356516,17359,768,0,1000,0.100,0.050,1.000,1.022,0
4,10.545,446742,21856,983,0,1000,0.100,0.050,1.000,1.015,0
5,9.446,401231,19579,915,0,1000,0.100,0.050,1.000,1.015,0
6,9.323,396029,19324,951,0,1000,0.100,0.050,1.000,1.019,0
7,12.505,527645,25919,1285,0,1000,0.100,0.050,1.000,1.019,0
8,11.143,471425,23095,1092,0,1000,0.100,0.050,1.000,1.021,0
9,10.317,437014,21384,969,0,1000,0.100,0.050,1.000,1.018,0
10,10.379,439569,21512,969,0,1000,0.100,0.050,1.000,1.018,0
1,8.872,391660,19094,891,0,1000,0.100,0.050,1.000,1.027,0
2,8.106,358199,17445,854,0,1000,0.100,0.050,1.000,1.018,0
3,11.158,489324,24013,1154,0,1000,0.100,0.050,1.000,1.020,0
4,11.820,518345,25438,1156,0,1000,0.100,0.050,1.000,1.013,0
5,10.272,451358,22107,1087,0,1000,0.100,0.050,1.000,1.019,0
6,8.994,396537,19356,904,0,1000,0.100,0.050,1.000,1.018,0
7,11.034,484051,23747,1129,0,1000,0.100,0.050,1.000,1.027,0
8,12.126,531216,26097,1208,0,1000,0.100,0.050,1.000,1.019,0
9,8.116,358689,17467,811,0,1000,0.100,0.050,1.000,1.021,0
10,9.502,418193,20450,984,0,1000,0.100,0.050,1.000,1.017,0
1,10.329,457618,22398,1109,0,1000,0.100,0.050,1.000,1.016,0
2,9.175,407366,19897,936,0,1000,0.100,0.050,1.000,1.020,0
3,10.833,479726,23491,1137,0,1000,0.100,0.050,1.000,1.022,0
4,9.911,439194,21493,1017,0,1000,0.100,0.050,1.000,1.018,0
5,9.957,441387,21593,991,0,1000,0.100,0.050,1.000,1.014,0
6,7.007,313368,15195,671,0,1000,0.100,0.050,1.000,1.019,0
7,12.551,553486,27218,1315,0,1000,0.100,0.050,1.000,1.020,0
8,8.129,361911,17628,828,0,1000,0.100,0.050,1.000,1.018,0
9,10.775,476468,23365,1044,0,1000,0.100,0.050,1.000,1.016,0
10,11.332,500900,24574,1216,0,1000,0.100,0.050,1.000,1.023,0
1,10.123,518592,25475,1234,0,1000,0.100,0.050,1.000,1.017,0
2,15.883,808899,39971,2008,0,1000,0.100,0.050,1.000,1.029,0
3,11.023,564035,27740,1292,0,1000,0.100,0.050,1.000,1.019,0
4,9.867,505542,24830,1154,0,1000,0.100,0.050,1.000,1.017,0
5,10.804,553258,27189,1276,0,1000,0.100,0.050,1.000,1.023,0
6,9.971,511113,25092,1165,0,1000,0.100,0.050,1.000,1.025,0
7,8.427,433804,21207,1022,0,1000,0.100,0.050,1.000,1.020,0
8,8.517,437997,21433,1027,0,1000,0.100,0.050,1.000,1.022,0
9,7.545,389330,18987,856,0,1000,0.100,0.050,1.000,1.017,0
10,7.841,403638,19733,922,0,1000,0.100,0.050,1.000,1.017,0
1,10.323,496449,24349,1109,0,1000,0.100,0.050,1.000,1.019,0
2,8.708,420340,20540,909,0,1000,0.100,0.050,1.000,1.018,0
3,7.247,351056,17094,904,0,1000,0.100,0.050,1.000,1.014,0
4,12.309,589729,29033,1373,0,1000,0.100,0.050,1.000,1.022,0
5,8.592,414673,20266,919,0,1000,0.100,0.050,1.000,1.021,0
6,9.734,468554,22961,1105,0,1000,0.100,0.050,1.000,1.029,0
7,10.769,517043,25401,1157,0,1000,0.100,0.050,1.000,1.022,0
8,10.667,512541,25161,1163,0,1000,0.100,0.050,1.000,1.018,0
9,9.221,444549,21750,1057,0,1000,0.100,0.050,1.000,1.020,0
10,12.430,595793,29319,1371,0,1000,0.100,0.050,1.000,1.022,0
1,9.630,423798,20737,1053,0,1000,0.100,0.050,1.000,1.022,0
2,9.867,434161,21247,1005,0,1000,0.100,0.050,1.000,1.016,0
3,10.038,441532,21614,1000,0,1000,0.100,0.050,1.000,1.023,0
4,8.383,370120,18051,816,0,1000,0.100,0.050,1.000,1.018,0
5,9.819,432174,21143,948,0,1000,0.100,0.050,1.000,1.020,0
6,11.125,488858,23955,1111,0,1000,0.100,0.050,1.000,1.016,0
7,13.290,581884,28617,1474,0,1000,0.100,0.050,1.000,1.027,0
8,9.683,426094,20851,950,0,1000,0.100,0.050,1.000,1.022,0
9,9.575,421529,20618,909,0,1000,0.100,0.050,1.000,1.014,0
10,8.590,379398,18497,843,0,1000,0.100,0.050,1.000,1.022,0
1,8.600,361206,17588,810,0,1000,0.100,0.050,1.000,1.014,0
2,10.155,424793,20769,979,0,1000,0.100,0.050,1.000,1.020,0
3,9.194,385399,18804,893,0,1000,0.100,0.050,1.000,1.017,0
4,11.424,476657,23364,1155,0,1000,0.100,0.050,1.000,1.016,0
5,9.777,409325,19996,934,0,1000,0.100,0.050,1.000,1.016,0
6,11.387,475279,23289,1154,0,1000,0.100,0.050,1.000,1.027,0
7,10.065,420873,20585,967,0,1000,0.100,0.050,1.000,1.016,0
8,9.691,406202,19819,946,0,1000,0.100,0.050,1.000,1.016,0
9,9.583,401294,19600,898,0,1000,0.100,0.050,1.000,1.020,0
10,10.124,423812,20705,957,0,1000,0.100,0.050,1.000,1.017,0
1,10.897,460827,22587,1013,0,1000,0.100,0.050,1.000,1.018,0
2,9.915,420379,20551,910,0,1000,0.100,0.050,1.000,1.026,0
3,9.010,382924,18675,843,0,1000,0.100,0.050,1.000,1.014,0
4,8.958,380978,18568,874,0,1000,0.100,0.050,1.000,1.016,0
5,9.203,390971,19075,889,0,1000,0.100,0.050,1.000,1.015,0
6,10.564,447061,21895,1043,0,1000,0.100,0.050,1.000,1.019,0
7,9.139,387952,18943,919,0,1000,0.100,0.050,1.000,1.013,0
8,12.092,510651,25063,1200,0,1000,0.100,0.050,1.000,1.022,0
9,9.362,397578,19404,892,0,1000,0.100,0.050,1.000,1.019,0
10,10.860,459362,22509,1138,0,1000,0.100,0.050,1.000,1.016,0
1,9.124,389077,18983,797,0,1000,0.100,0.050,1.000,1.015,0
2,12.176,516120,25332,1267,0,1000,0.100,0.050,1.000,1.025,0
3,10.400,442144,21637,1012,0,1000,0.100,0.050,1.000,1.017,0
4,8.736,373072,18175,854,0,1000,0.100,0.050,1.000,1.021,0
5,11.015,467404,22917,1031,0,1000,0.100,0.050,1.000,1.020,0
6,10.819,459605,22509,1009,0,1000,0.100,0.050,1.000,1.020,0
7,10.285,437571,21399,955,0,1000,0.100,0.050,1.000,1.020,0
8,11.136,472798,23169,1141,0,1000,0.100,0.050,1.000,1.023,0
9,9.349,398409,19450,903,0,1000,0.100,0.050,1.000,1.015,0
10,6.961,299495,14483,642,0,1000,0.100,0.050,1.000,1.016,0
1,15.439,654243,32225,1622,0,1000,0.100,0.050,1.000,1.021,0
2,6.992,301562,14594,699,0,1000,0.100,0.050,1.000,1.014,0
3,11.294,480895,23573,1102,0,1000,0.100,0.050,1.000,1.025,0
4,8.091,347178,16888,754,0,1000,0.100,0.050,1.000,1.013,0
5,6.994,301023,14597,658,0,1000,0.100,0.050,1.000,1.013,0
6,10.265,438079,21426,934,0,1000,0.100,0.050,1.000,1.022,0
7,9.957,425052,20782,1047,0,1000,0.100,0.050,1.000,1.022,0
8,9.097,389088,18987,850,0,1000,0.100,0.050,1.000,1.020,0
9,10.494,447652,21903,1044,0,1000,0.100,0.050,1.000,1.021,0
10,11.376,484098,23745,1127,0,1000,0.100,0.050,1.000,1.024,0
1,10.703,452513,22160,1053,0,1000,0.100,0.050,1.000,1.023,0
2,8.159,347189,16892,760,0,1000,0.100,0.050,1.000,1.018,0
3,10.012,423765,20728,876,0,1000,0.100,0.050,1.000,1.017,0
4,8.254,350909,17088,810,0,1000,0.100,0.050,1.000,1.020,0
5,11.493,485038,23794,1109,0,1000,0.100,0.050,1.000,1.023,0
6,9.633,408245,19943,924,0,1000,0.100,0.050,1.000,1.018,0
7,7.902,336597,16361,791,0,1000,0.100,0.050,1.000,1.016,0
8,12.420,523686,25715,1247,0,1000,0.100,0.050,1.000,1.022,0
9,10.222,432606,21164,1028,0,1000,0.100,0.050,1.000,1.018,0
10,11.202,473136,23193,1099,0,1000,0.100,0.050,1.000,1.021,0
1,11.749,466771,22866,1072,0,1000,0.100,0.050,1.000,1.020,0
2,9.890,394249,19248,909,0,1000,0.100,0.050,1.000,1.018,0
3,12.345,489633,24025,1133,0,1000,0.100,0.050,1.000,1.022,0
4,9.059,361949,17630,807,0,1000,0.100,0.050,1.000,1.013,0
5,9.870,393427,19209,849,0,1000,0.100,0.050,1.000,1.013,0
6,8.369,335220,16288,703,0,1000,0.100,0.050,1.000,1.011,0
7,7.856,315440,15290,702,0,1000,0.100,0.050,1.000,1.018,0
8,10.626,423106,20680,974,0,1000,0.100,0.050,1.000,1.020,0
9,8.702,348170,16936,809,0,1000,0.100,0.050,1.000,1.019,0
10,11.535,458156,22449,1005,0,1000,0.100,0.050,1.000,1.022,0
1,10.366,469251,22988,997,0,1000,0.100,0.050,1.000,1.013,0
2,9.980,452083,22132,1021,0,1000,0.100,0.050,1.000,1.017,0
3,8.811,400095,19541,879,0,1000,0.100,0.050,1.000,1.012,0
4,10.156,459987,22522,1073,0,1000,0.100,0.050,1.000,1.014,0
5,10.718,484818,23769,1111,0,1000,0.100,0.050,1.000,1.019,0
6,10.889,492312,24148,1110,0,1000,0.100,0.050,1.000,1.020,0
7,10.872,491803,24111,1125,0,1000,0.100,0.050,1.000,1.021,0
8,8.836,401464,19596,869,0,1000,0.100,0.050,1.000,1.020,0
9,10.051,455016,22290,1087,0,1000,0.100,0.050,1.000,1.023,0
10,9.321,422788,20671,988,0,1000,0.100,0.050,1.000,1.013,0
1,9.580,418498,20461,962,0,1000,0.100,0.050,1.000,1.014,0
2,11.622,505864,24822,1187,0,1000,0.100,0.050,1.000,1.018,0
3,8.432,369426,18009,826,0,1000,0.100,0.050,1.000,1.019,0
4,6.917,304534,14773,698,0,1000,0.100,0.050,1.000,1.013,0
5,10.334,450506,22070,996,0,1000,0.100,0.050,1.000,1.017,0
6,11.636,506427,24851,1178,0,1000,0.100,0.050,1.000,1.019,0
7,9.201,402379,19651,905,0,1000,0.100,0.050,1.000,1.017,0
8,9.581,418666,20462,940,0,1000,0.100,0.050,1.000,1.021,0
9,10.499,457958,22424,1030,0,1000,0.100,0.050,1.000,1.018,0
10,12.197,530188,26050,1141,0,1000,0.100,0.050,1.000,1.019,0
1,8.810,388897,18975,866,0,1000,0.100,0.050,1.000,1.017,0
2,10.335,454496,22261,991,0,1000,0.100,0.050,1.000,1.016,0
3,11.881,520933,25591,1180,0,1000,0.100,0.050,1.000,1.019,0
4,8.009,354417,17251,783,0,1000,0.100,0.050,1.000,1.011,0
5,11.423,501580,24605,1224,0,1000,0.100,0.050,1.000,1.019,0
6,9.077,400303,19551,845,0,1000,0.100,0.050,1.000,1.019,0
7,11.635,510624,25060,1210,0,1000,0.100,0.050,1.000,1.024,0
8,8.351,369124,17987,852,0,1000,0.100,0.050,1.000,1.018,0
9,11.797,517565,25410,1238,0,1000,0.100,0.050,1.000,1.022,0
10,8.682,383340,18700,899,0,1000,0.100,0.050,1.000,1.018,0
1,8.991,397773,19416,901,0,1000,0.100,0.050,1.000,1.021,0
2,7.669,340358,16562,775,0,1000,0.100,0.050,1.000,1.019,0
3,11.927,524908,25757,1232,0,1000,0.100,0.050,1.000,1.021,0
4,10.817,476761,23361,1115,0,1000,0.100,0.050,1.000,1.022,0
5,12.488,548899,26968,1281,0,1000,0.100,0.050,1.000,1.020,0
6,11.186,492648,24157,1175,0,1000,0.100,0.050,1.000,1.017,0
7,10.222,450779,22074,985,0,1000,0.100,0.050,1.000,1.017,0
8,9.085,401618,19620,914,0,1000,0.100,0.050,1.000,1.013,0
9,7.403,329150,15987,740,0,1000,0.100,0.050,1.000,1.017,0
10,10.212,450453,22054,1102,0,1000,0.100,0.050,1.000,1.020,0
1,9.808,427804,20925,915,0,1000,0.100,0.050,1.000,1.016,0
2,8.601,376088,18349,845,0,1000,0.100,0.050,1.000,1.015,0
3,8.833,386188,18844,889,0,1000,0.100,0.050,1.000,1.019,0
4,10.752,468257,22939,1044,0,1000,0.100,0.050,1.000,1.020,0
5,8.868,387885,18918,840,0,1000,0.100,0.050,1.000,1.020,0
6,10.630,462875,22678,1086,0,1000,0.100,0.050,1.000,1.022,0
7,11.204,487397,23903,1207,0,1000,0.100,0.050,1.000,1.021,0
8,8.558,374350,18258,855,0,1000,0.100,0.050,1.000,1.014,0
9,13.209,572740,28179,1288,0,1000,0.100,0.050,1.000,1.021,0
10,9.537,416422,20345,914,0,1000,0.100,0.050,1.000,1.019,0
1,12.861,563394,27701,1300,0,1000,0.100,0.050,1.000,1.022,0
2,10.678,469546,23000,966,0,1000,0.100,0.050,1.000,1.025,0
3,8.875,391623,19115,843,0,1000,0.100,0.050,1.000,1.019,0
4,11.327,497878,24398,1171,0,1000,0.100,0.050,1.000,1.019,0
5,8.606,379946,18536,844,0,1000,0.100,0.050,1.000,1.015,0
6,10.474,460672,22560,1041,0,1000,0.100,0.050,1.000,1.027,0
7,7.665,339525,16510,746,0,1000,0.100,0.050,1.000,1.014,0
8,8.451,373106,18203,830,0,1000,0.100,0.050,1.000,1.020,0
9,10.895,478665,23467,1136,0,1000,0.100,0.050,1.000,1.018,0
10,10.168,447293,21902,1059,0,1000,0.100,0.050,1.000,1.021,0
1,9.911,431713,21122,1019,0,1000,0.100,0.050,1.000,1.018,0
2,14.089,609946,30026,1511,0,1000,0.100,0.050,1.000,1.029,0
3,8.072,353500,17203,778,0,1000,0.100,0.050,1.000,1.016,0
4,10.190,444078,21716,1048,0,1000,0.100,0.050,1.000,1.023,0
5,8.168,357746,17408,838,0,1000,0.100,0.050,1.000,1.020,0
6,9.569,417394,20394,997,0,1000,0.100,0.050,1.000,1.015,0
7,12.127,526216,25845,1240,0,1000,0.100,0.050,1.000,1.023,0
8,10.261,446621,21869,997,0,1000,0.100,0.050,1.000,1.023,0
9,8.822,385472,18802,874,0,1000,0.100,0.050,1.000,1.019,0
10,8.791,383859,18735,913,0,1000,0.100,0.050,1.000,1.013,0
1,10.225,429666,21028,910,0,1000,0.100,0.050,1.000,1.019,0
2,8.707,367397,17905,826,0,1000,0.100,0.050,1.000,1.019,0
3,8.369,353775,17210,800,0,1000,0.100,0.050,1.000,1.021,0
4,8.718,367787,17928,808,0,1000,0.100,0.050,1.000,1.023,0
5,12.400,519367,25501,1244,0,1000,0.100,0.050,1.000,1.028,0
6,9.065,381908,18642,833,0,1000,0.100,0.050,1.000,1.013,0
7,14.813,618600,30462,1429,0,1000,0.100,0.050,1.000,1.021,0
8,8.673,365932,17836,817,0,1000,0.100,0.050,1.000,1.018,0
9,9.021,380478,18551,920,0,1000,0.100,0.050,1.000,1.019,0
10,10.011,421126,20587,1015,0,1000,0.100,0.050,1.000,1.015,0
1,8.899,413113,20171,945,0,1000,0.100,0.050,1.000,1.018,0
2,13.212,608366,29948,1460,0,1000,0.100,0.050,1.000,1.018,0
3,9.386,434753,21275,1035,0,1000,0.100,0.050,1.000,1.015,0
4,8.925,414159,20229,912,0,1000,0.100,0.050,1.000,1.017,0
5,11.279,520380,25565,1228,0,1000,0.100,0.050,1.000,1.019,0
6,11.342,523515,25708,1244,0,1000,0.100,0.050,1.000,1.022,0
7,8.827,409558,20007,916,0,1000,0.100,0.050,1.000,1.011,0
8,8.301,385738,18816,864,0,1000,0.100,0.050,1.000,1.012,0
9,9.510,440282,21555,968,0,1000,0.100,0.050,1.000,1.019,0
10,10.320,477105,23393,1106,0,1000,0.100,0.050,1.000,1.023,0
1,8.091,355432,17296,800,0,1000,0.100,0.050,1.000,1.013,0
2,9.738,425733,20818,991,0,1000,0.100,0.050,1.000,1.017,0
3,11.314,493249,24187,1159,0,1000,0.100,0.050,1.000,1.019,0
4,11.298,492285,24153,1170,0,1000,0.100,0.050,1.000,1.020,0
5,10.292,449233,22003,1040,0,1000,0.100,0.050,1.000,1.021,0
6,7.793,342332,16661,762,0,1000,0.100,0.050,1.000,1.018,0
7,11.170,486795,23880,1141,0,1000,0.100,0.050,1.000,1.027,0
8,9.526,416119,20365,971,0,1000,0.100,0.050,1.000,1.018,0
9,11.599,505479,24796,1133,0,1000,0.100,0.050,1.000,1.025,0
10,9.179,401697,19622,951,0,1000,0.100,0.050,1.000,1.017,0
1,7.793,335349,16312,822,0,1000,0.100,0.050,1.000,1.013,0
2,10.816,462079,22638,982,0,1000,0.100,0.050,1.000,1.016,0
3,10.289,440055,21535,991,0,1000,0.100,0.050,1.000,1.022,0
4,12.409,528624,25973,1217,0,1000,0.100,0.050,1.000,1.019,0
5,8.959,384453,18753,898,0,1000,0.100,0.050,1.000,1.023,0
6,10.913,466523,22842,1034,0,1000,0.100,0.050,1.000,1.023,0
7,10.809,461663,22625,1098,0,1000,0.100,0.050,1.000,1.021,0
8,10.764,460298,22529,1043,0,1000,0.100,0.050,1.000,1.024,0
9,8.725,374833,18262,825,0,1000,0.100,0.050,1.000,1.018,0
10,8.523,366238,17840,831,0,1000,0.100,0.050,1.000,1.019,0
1,9.432,434530,21259,944,0,1000,0.100,0.050,1.000,1.017,0
2,11.155,512253,25142,1161,0,1000,0.100,0.050,1.000,1.017,0
3,10.846,498319,24447,1107,0,1000,0.100,0.050,1.000,1.022,0
4,9.167,422762,20662,946,0,1000,0.100,0.050,1.000,1.016,0
5,7.533,348975,16978,781,0,1000,0.100,0.050,1.000,1.016,0
6,10.946,502882,24672,1141,0,1000,0.100,0.050,1.000,1.025,0
7,6.427,299049,14485,650,0,1000,0.100,0.050,1.000,1.019,0
8,12.592,576913,28382,1334,0,1000,0.100,0.050,1.000,1.025,0
9,10.803,496312,24350,1094,0,1000,0.100,0.050,1.000,1.022,0
10,11.099,509268,25016,1264,0,1000,0.100,0.050,1.000,1.016,0
1,9.906,419372,20496,975,0,1000,0.100,0.050,1.000,1.015,0
2,9.256,392478,19151,887,0,1000,0.100,0.050,1.000,1.014,0
3,11.595,489216,23990,1158,0,1000,0.100,0.050,1.000,1.021,0
4,8.829,374727,18267,779,0,1000,0.100,0.050,1.000,1.015,0
5,13.101,551464,27106,1242,0,1000,0.100,0.050,1.000,1.022,0
6,9.278,393170,19197,832,0,1000,0.100,0.050,1.000,1.025,0
7,7.301,311308,15106,701,0,1000,0.100,0.050,1.000,1.018,0
8,12.597,530817,26064,1205,0,1000,0.100,0.050,1.000,1.025,0
9,9.667,409496,20002,929,0,1000,0.100,0.050,1.000,1.022,0
10,8.472,360083,17529,769,0,1000,0.100,0.050,1.000,1.018,0
1,9.918,435972,21326,1043,0,1000,0.100,0.050,1.000,1.017,0
2,8.291,365928,17829,843,0,1000,0.100,0.050,1.000,1.017,0
3,8.320,367026,17890,847,0,1000,0.100,0.050,1.000,1.016,0
4,13.261,579602,28516,1389,0,1000,0.100,0.050,1.000,1.018,0
5,10.546,463002,22676,1076,0,1000,0.100,0.050,1.000,1.024,0
6,8.969,395010,19285,945,0,1000,0.100,0.050,1.000,1.018,0
7,10.923,479471,23488,1029,0,1000,0.100,0.050,1.000,1.016,0
8,12.646,553324,27192,1317,0,1000,0.100,0.050,1.000,1.026,0
9,8.665,381835,18633,831,0,1000,0.100,0.050,1.000,1.020,0
10,8.461,373078,18194,840,0,1000,0.100,0.050,1.000,1.016,0
1,10.889,460826,22577,1064,0,1000,0.100,0.050,1.000,1.018,0
2,10.611,449057,22000,1027,0,1000,0.100,0.050,1.000,1.021,0
3,11.864,501188,24598,1208,0,1000,0.100,0.050,1.000,1.023,0
4,9.917,420647,20562,1015,0,1000,0.100,0.050,1.000,1.023,0
5,11.764,497540,24392,1116,0,1000,0.100,0.050,1.000,1.016,0
6,8.306,353527,17221,777,0,1000,0.100,0.050,1.000,1.019,0
7,8.751,372321,18144,825,0,1000,0.100,0.050,1.000,1.017,0
8,8.880,377685,18411,817,0,1000,0.100,0.050,1.000,1.020,0
9,10.343,438425,21445,1009,0,1000,0.100,0.050,1.000,1.023,0
10,8.675,369315,17987,824,0,1000,0.100,0.050,1.000,1.015,0
1,9.636,445656,21821,970,0,1000,0.100,0.050,1.000,1.018,0
2,10.747,495992,24337,1183,0,1000,0.100,0.050,1.000,1.019,0
3,9.522,440253,21562,950,0,1000,0.100,0.050,1.000,1.013,0
4,12.052,555800,27292,1301,0,1000,0.100,0.050,1.000,1.021,0
5,10.814,499222,24489,1183,0,1000,0.100,0.050,1.000,1.020,0
6,9.243,427969,20930,920,0,1000,0.100,0.050,1.000,1.015,0
7,5.965,279542,13508,601,0,1000,0.100,0.050,1.000,1.015,0
8,11.755,541372,26618,1195,0,1000,0.100,0.050,1.000,1.025,0
9,10.610,489997,24026,1075,0,1000,0.100,0.050,1.000,1.021,0
10,9.655,446625,21863,1057,0,1000,0.100,0.050,1.000,1.016,0
1,10.417,413016,20164,926,0,1000,0.100,0.050,1.000,1.017,0
2,9.873,391364,19110,859,0,1000,0.100,0.050,1.000,1.021,0
3,10.668,422315,20650,956,0,1000,0.100,0.050,1.000,1.023,0
4,9.727,385851,18828,911,0,1000,0.100,0.050,1.000,1.017,0
5,10.312,408646,19960,936,0,1000,0.100,0.050,1.000,1.017,0
6,10.429,413098,20186,925,0,1000,0.100,0.050,1.000,1.021,0
7,11.492,454291,22244,1015,0,1000,0.100,0.050,1.000,1.017,0
8,8.961,356204,17345,812,0,1000,0.100,0.050,1.000,1.016,0
9,10.082,399784,19514,869,0,1000,0.100,0.050,1.000,1.019,0
10,8.039,320693,15561,741,0,1000,0.100,0.050,1.000,1.021,0
1,12.533,544980,26783,1219,0,1000,0.100,0.050,1.000,1.017,0
2,9.478,414413,20254,915,0,1000,0.100,0.050,1.000,1.020,0
3,10.173,444209,21741,939,0,1000,0.100,0.050,1.000,1.015,0
4,10.277,448481,21962,1046,0,1000,0.100,0.050,1.000,1.019,0
5,9.477,414534,20253,951,0,1000,0.100,0.050,1.000,1.020,0
6,11.841,515331,25305,1196,0,1000,0.100,0.050,1.000,1.019,0
7,8.625,378346,18433,829,0,1000,0.100,0.050,1.000,1.022,0
8,9.298,407121,19871,902,0,1000,0.100,0.050,1.000,1.019,0
9,9.057,396310,19355,883,0,1000,0.100,0.050,1.000,1.015,0
10,9.240,404131,19747,916,0,1000,0.100,0.050,1.000,1.022,0
1,8.662,373634,18199,919,0,1000,0.100,0.050,1.000,1.012,0
2,11.762,503818,24712,1199,0,1000,0.100,0.050,1.000,1.026,0
3,10.963,470181,23033,1101,0,1000,0.100,0.050,1.000,1.018,0
4,10.674,457777,22427,1099,0,1000,0.100,0.050,1.000,1.026,0
5,10.175,437299,21378,964,0,1000,0.100,0.050,1.000,1.018,0
6,7.835,338737,16462,692,0,1000,0.100,0.050,1.000,1.013,0
7,9.511,408938,19983,891,0,1000,0.100,0.050,1.000,1.018,0
8,11.387,488094,23924,1135,0,1000,0.100,0.050,1.000,1.019,0
9,9.772,419585,20531,960,0,1000,0.100,0.050,1.000,1.020,0
10,9.259,398566,19453,914,0,1000,0.100,0.050,1.000,1.018,0
1,10.367,456307,22330,1066,0,1000,0.100,0.050,1.000,1.020,0
2,9.267,408498,19962,896,0,1000,0.100,0.050,1.000,1.016,0
3,11.836,518990,25494,1223,0,1000,0.100,0.050,1.000,1.023,0
4,9.630,424099,20743,987,0,1000,0.100,0.050,1.000,1.017,0
5,11.250,494261,24232,1130,0,1000,0.100,0.050,1.000,1.022,0
6,9.361,412683,20164,979,0,1000,0.100,0.050,1.000,1.024,0
7,11.566,507772,24912,1172,0,1000,0.100,0.050,1.000,1.023,0
8,7.231,320708,15576,702,0,1000,0.100,0.050,1.000,1.016,0
9,8.710,384593,18762,879,0,1000,0.100,0.050,1.000,1.017,0
10,10.781,473953,23223,1070,0,1000,0.100,0.050,1.000,1.024,0
1,8.587,412528,20152,915,0,1000,0.100,0.050,1.000,1.019,0
2,6.633,320759,15567,697,0,1000,0.100,0.050,1.000,1.017,0
3,14.231,677574,33399,1573,0,1000,0.100,0.050,1.000,1.028,0
4,7.228,348511,16964,794,0,1000,0.100,0.050,1.000,1.021,0
5,12.444,593660,29204,1381,0,1000,0.100,0.050,1.000,1.025,0
6,11.470,547717,26918,1276,0,1000,0.100,0.050,1.000,1.021,0
7,9.135,438573,21439,1034,0,1000,0.100,0.050,1.000,1.013,0
8,11.945,570473,28034,1417,0,1000,0.100,0.050,1.000,1.026,0
9,9.887,473481,23204,1106,0,1000,0.100,0.050,1.000,1.018,0
10,8.438,405438,19803,923,0,1000,0.100,0.050,1.000,1.016,0
1,14.224,570170,28029,1428,0,1000,0.100,0.050,1.000,1.023,0
2,11.665,469086,22987,1039,0,1000,0.100,0.050,1.000,1.023,0
3,10.665,430073,21017,949,0,1000,0.100,0.050,1.000,1.015,0
4,8.162,330953,16083,745,0,1000,0.100,0.050,1.000,1.013,0
5,10.552,425191,20794,1022,0,1000,0.100,0.050,1.000,1.019,0
6,9.219,372616,18166,833,0,1000,0.100,0.050,1.000,1.015,0
7,9.468,382744,18657,887,0,1000,0.100,0.050,1.000,1.011,0
8,9.198,371924,18126,812,0,1000,0.100,0.050,1.000,1.016,0
9,9.434,381165,18590,823,0,1000,0.100,0.050,1.000,1.013,0
10,7.414,301353,14609,644,0,1000,0.100,0.050,1.000,1.020,0
1,8.766,405175,19788,875,0,1000,0.100,0.050,1.000,1.019,0
2,10.434,480511,23553,1127,0,1000,0.100,0.050,1.000,1.017,0
3,10.086,464635,22767,1040,0,1000,0.100,0.050,1.000,1.023,0
4,9.605,443089,21682,1027,0,1000,0.100,0.050,1.000,1.015,0
5,10.970,504629,24762,1215,0,1000,0.100,0.050,1.000,1.026,0
6,11.557,531275,26088,1183,0,1000,0.100,0.050,1.000,1.019,0
7,9.693,447103,21880,1075,0,1000,0.100,0.050,1.000,1.018,0
8,9.794,451540,22108,1009,0,1000,0.100,0.050,1.000,1.021,0
9,8.600,397641,19413,963,0,1000,0.100,0.050,1.000,1.017,0
10,10.494,482727,23688,1094,0,1000,0.100,0.050,1.000,1.019,0
1,9.682,388476,18964,859,0,1000,0.100,0.050,1.000,1.017,0
2,9.578,384540,18761,827,0,1000,0.100,0.050,1.000,1.021,0
3,13.194,526242,25843,1254,0,1000,0.100,0.050,1.000,1.022,0
4,9.594,384879,18792,858,0,1000,0.100,0.050,1.000,1.015,0
5,9.321,374649,18257,834,0,1000,0.100,0.050,1.000,1.021,0
6,10.985,439755,21517,971,0,1000,0.100,0.050,1.000,1.020,0
7,8.811,354368,17258,839,0,1000,0.100,0.050,1.000,1.021,0
8,9.903,397244,19397,862,0,1000,0.100,0.050,1.000,1.015,0
9,8.374,337556,16402,732,0,1000,0.100,0.050,1.000,1.013,0
10,10.558,423145,20679,985,0,1000,0.100,0.050,1.000,1.017,0
1,11.019,439203,21509,1011,0,1000,0.100,0.050,1.000,1.016,0
2,9.799,392282,19127,914,0,1000,0.100,0.050,1.000,1.016,0
3,10.005,399950,19530,934,0,1000,0.100,0.050,1.000,1.024,0
4,9.180,368075,17918,829,0,1000,0.100,0.050,1.000,1.023,0
5,10.412,415810,20324,963,0,1000,0.100,0.050,1.000,1.025,0
6,8.730,350349,17040,787,0,1000,0.100,0.050,1.000,1.018,0
7,12.573,500330,24541,1092,0,1000,0.100,0.050,1.000,1.016,0
8,9.766,390584,19062,831,0,1000,0.100,0.050,1.000,1.019,0
9,9.078,363990,17720,812,0,1000,0.100,0.050,1.000,1.016,0
10,9.439,377821,18424,833,0,1000,0.100,0.050,1.000,1.019,0
1,8.571,406180,19843,899,0,1000,0.100,0.050,1.000,1.018,0
2,10.379,490046,24030,1099,0,1000,0.100,0.050,1.000,1.016,0
3,11.231,529692,26002,1199,0,1000,0.100,0.050,1.000,1.019,0
4,10.773,507949,24942,1239,0,1000,0.100,0.050,1.000,1.022,0
5,10.262,484318,23759,1157,0,1000,0.100,0.050,1.000,1.024,0
6,8.733,413959,20218,996,0,1000,0.100,0.050,1.000,1.020,0
7,10.095,476795,23372,1093,0,1000,0.100,0.050,1.000,1.018,0
8,9.706,458607,22472,1043,0,1000,0.100,0.050,1.000,1.022,0
9,8.271,392336,19149,847,0,1000,0.100,0.050,1.000,1.021,0
10,11.978,564179,27731,1301,0,1000,0.100,0.050,1.000,1.022,0
1,13.379,589396,29006,1396,0,1000,0.100,0.050,1.000,1.023,0
2,10.816,478491,23450,1026,0,1000,0.100,0.050,1.000,1.014,0
3,8.774,389883,19023,874,0,1000,0.100,0.050,1.000,1.015,0
4,9.281,411407,20121,918,0,1000,0.100,0.050,1.000,1.020,0
5,8.781,390145,19037,845,0,1000,0.100,0.050,1.000,1.014,0
6,10.008,443360,21697,1003,0,1000,0.100,0.050,1.000,1.012,0
7,9.480,420372,20553,988,0,1000,0.100,0.050,1.000,1.018,0
8,9.247,410393,20047,880,0,1000,0.100,0.050,1.000,1.014,0
9,9.874,437991,21408,1002,0,1000,0.100,0.050,1.000,1.015,0
10,10.361,458644,22464,1034,0,1000,0.100,0.050,1.000,1.019,0
1,10.271,480662,23567,1157,0,1000,0.100,0.050,1.000,1.015,0
2,10.068,471315,23101,1094,0,1000,0.100,0.050,1.000,1.016,0
3,11.426,533969,26218,1278,0,1000,0.100,0.050,1.000,1.023,0
4,10.793,504521,24766,1145,0,1000,0.100,0.050,1.000,1.020,0
5,9.625,450736,22085,1079,0,1000,0.100,0.050,1.000,1.015,0
6,6.928,327237,15896,691,0,1000,0.100,0.050,1.000,1.021,0
7,8.331,391643,19116,870,0,1000,0.100,0.050,1.000,1.014,0
8,9.047,424424,20760,926,0,1000,0.100,0.050,1.000,1.024,0
9,12.738,593472,29229,1455,0,1000,0.100,0.050,1.000,1.030,0
10,10.774,503858,24721,1175,0,1000,0.100,0.050,1.000,1.022,0
1,15.158,678947,33474,1463,0,1000,0.100,0.050,1.000,1.026,0
2,8.959,405017,19786,921,0,1000,0.100,0.050,1.000,1.020,0
3,7.633,346258,16856,812,0,1000,0.100,0.050,1.000,1.014,0
4,11.222,505141,24783,1143,0,1000,0.100,0.050,1.000,1.018,0
5,9.897,446831,21856,1009,0,1000,0.100,0.050,1.000,1.022,0
6,9.195,415321,20306,954,0,1000,0.100,0.050,1.000,1.021,0
7,7.750,351755,17116,802,0,1000,0.100,0.050,1.000,1.014,0
8,8.265,374383,18253,881,0,1000,0.100,0.050,1.000,1.022,0
9,8.153,369403,18005,857,0,1000,0.100,0.050,1.000,1.022,0
10,13.767,617281,30404,1482,0,1000,0.100,0.050,1.000,1.023,0
1,8.955,394029,19238,924,0,1000,0.100,0.050,1.000,1.018,0
2,9.657,424258,20746,982,0,1000,0.100,0.050,1.000,1.018,0
3,8.269,365146,17765,828,0,1000,0.100,0.050,1.000,1.024,0
4,14.033,612576,30149,1404,0,1000,0.100,0.050,1.000,1.024,0
5,8.848,389625,19009,903,0,1000,0.100,0.050,1.000,1.018,0
6,9.302,409372,19985,902,0,1000,0.100,0.050,1.000,1.025,0
7,10.861,475610,23334,1119,0,1000,0.100,0.050,1.000,1.020,0
8,10.887,477109,23389,1056,0,1000,0.100,0.050,1.000,1.029,0
9,10.970,481127,23568,1159,0,1000,0.100,0.050,1.000,1.020,0
10,8.218,362441,17655,829,0,1000,0.100,0.050,1.000,1.016,0
1,10.451,474153,23224,1096,0,1000,0.100,0.050,1.000,1.019,0
2,9.892,448927,21980,999,0,1000,0.100,0.050,1.000,1.020,0
3,9.126,414811,20278,934,0,1000,0.100,0.050,1.000,1.018,0
4,12.333,557724,27405,1346,0,1000,0.100,0.050,1.000,1.025,0
5,10.396,471501,23101,1075,0,1000,0.100,0.050,1.000,1.021,0
6,11.787,533226,26192,1234,0,1000,0.100,0.050,1.000,1.023,0
7,8.900,405093,19777,887,0,1000,0.100,0.050,1.000,1.019,0
8,8.488,386683,18861,931,0,1000,0.100,0.050,1.000,1.020,0
9,9.513,431988,21138,1048,0,1000,0.100,0.050,1.000,1.022,0
10,9.115,414641,20254,951,0,1000,0.100,0.050,1.000,1.019,0
1,10.947,479837,23524,1122,0,1000,0.100,0.050,1.000,1.018,0
2,9.374,412076,20143,926,0,1000,0.100,0.050,1.000,1.019,0
3,9.806,430998,21072,969,0,1000,0.100,0.050,1.000,1.018,0
4,8.768,386107,18842,860,0,1000,0.100,0.050,1.000,1.019,0
5,8.843,389509,19002,897,0,1000,0.100,0.050,1.000,1.016,0
6,12.427,543527,26704,1352,0,1000,0.100,0.050,1.000,1.019,0
7,7.765,343011,16686,800,0,1000,0.100,0.050,1.000,1.018,0
8,10.924,478440,23474,1060,0,1000,0.100,0.050,1.000,1.019,0
9,9.361,411478,20115,966,0,1000,0.100,0.050,1.000,1.019,0
10,11.784,515692,25321,1166,0,1000,0.100,0.050,1.000,1.015,0
1,11.966,513026,25176,1223,0,1000,0.100,0.050,1.000,1.021,0
2,8.529,368386,17945,798,0,1000,0.100,0.050,1.000,1.016,0
3,9.942,427618,20919,1009,0,1000,0.100,0.050,1.000,1.020,0
4,10.364,445661,21806,1061,0,1000,0.100,0.050,1.000,1.019,0
5,10.074,433111,21195,975,0,1000,0.100,0.050,1.000,1.018,0
6,10.080,433518,21209,967,0,1000,0.100,0.050,1.000,1.017,0
7,9.529,410480,20050,881,0,1000,0.100,0.050,1.000,1.020,0
8,11.385,488233,23954,1135,0,1000,0.100,0.050,1.000,1.019,0
9,10.211,439246,21483,1004,0,1000,0.100,0.050,1.000,1.017,0
10,7.920,342432,16663,750,0,1000,0.100,0.050,1.000,1.018,0
1,12.611,570413,28049,1325,0,1000,0.100,0.050,1.000,1.023,0
2,9.397,427395,20901,933,0,1000,0.100,0.050,1.000,1.020,0
3,10.669,484049,23731,1103,0,1000,0.100,0.050,1.000,1.019,0
4,8.159,372345,18148,808,0,1000,0.100,0.050,1.000,1.019,0
5,8.995,409542,20008,868,0,1000,0.100,0.050,1.000,1.024,0
6,9.604,436269,21362,961,0,1000,0.100,0.050,1.000,1.020,0
7,7.070,323929,15725,685,0,1000,0.100,0.050,1.000,1.018,0
8,12.436,562875,27660,1300,0,1000,0.100,0.050,1.000,1.021,0
9,13.458,608098,29933,1421,0,1000,0.100,0.050,1.000,1.016,0
10,7.602,347459,16908,747,0,1000,0.100,0.050,1.000,1.016,0
1,8.882,389437,19015,854,0,1000,0.100,0.050,1.000,1.019,0
2,7.562,333330,16189,770,0,1000,0.100,0.050,1.000,1.012,0
3,12.587,548550,26947,1276,0,1000,0.100,0.050,1.000,1.020,0
4,10.836,473455,23199,1081,0,1000,0.100,0.050,1.000,1.017,0
5,10.019,438351,21450,1033,0,1000,0.100,0.050,1.000,1.018,0
6,12.342,537352,26422,1273,0,1000,0.100,0.050,1.000,1.019,0
7,8.797,385908,18833,885,0,1000,0.100,0.050,1.000,1.024,0
8,8.740,383818,18711,827,0,1000,0.100,0.050,1.000,1.015,0
9,11.123,485328,23814,1115,0,1000,0.100,0.050,1.000,1.026,0
10,9.113,399661,19510,869,0,1000,0.100,0.050,1.000,1.019,0
1,11.792,565798,27817,1276,0,1000,0.100,0.050,1.000,1.024,0
2,6.675,324239,15745,748,0,1000,0.100,0.050,1.000,1.015,0
3,11.286,542031,26623,1229,0,1000,0.100,0.050,1.000,1.017,0
4,11.701,561464,27602,1328,0,1000,0.100,0.050,1.000,1.023,0
5,9.227,444430,21765,1071,0,1000,0.100,0.050,1.000,1.023,0
6,8.040,388536,18966,901,0,1000,0.100,0.050,1.000,1.017,0
7,8.657,417792,20421,923,0,1000,0.100,0.050,1.000,1.017,0
8,9.088,438359,21438,944,0,1000,0.100,0.050,1.000,1.018,0
9,11.843,568391,27936,1301,0,1000,0.100,0.050,1.000,1.022,0
10,11.690,561140,27575,1438,0,1000,0.100,0.050,1.000,1.026,0
1,11.437,476027,23318,1121,0,1000,0.100,0.050,1.000,1.024,0
2,9.733,406428,19843,936,0,1000,0.100,0.050,1.000,1.019,0
3,9.240,386083,18838,843,0,1000,0.100,0.050,1.000,1.019,0
4,10.265,427916,20929,983,0,1000,0.100,0.050,1.000,1.017,0
5,11.082,461235,22595,1072,0,1000,0.100,0.050,1.000,1.018,0
6,9.940,414689,20265,921,0,1000,0.100,0.050,1.000,1.018,0
7,8.490,355640,17309,774,0,1000,0.100,0.050,1.000,1.017,0
8,9.066,379206,18484,815,0,1000,0.100,0.050,1.000,1.014,0
9,12.700,527338,25892,1309,0,1000,0.100,0.050,1.000,1.019,0
10,8.048,337582,16408,784,0,1000,0.100,0.050,1.000,1.017,0
1,10.636,452591,22171,1028,0,1000,0.100,0.050,1.000,1.021,0
2,11.282,479673,23517,1083,0,1000,0.100,0.050,1.000,1.021,0
3,8.451,361768,17616,774,0,1000,0.100,0.050,1.000,1.014,0
4,8.951,382361,18657,809,0,1000,0.100,0.050,1.000,1.021,0
5,11.721,498358,24432,1272,0,1000,0.100,0.050,1.000,1.028,0
6,10.016,427002,20878,965,0,1000,0.100,0.050,1.000,1.021,0
7,11.406,484751,23776,1102,0,1000,0.100,0.050,1.000,1.021,0
8,8.242,352758,17180,754,0,1000,0.100,0.050,1.000,1.016,0
9,10.775,458595,22460,964,0,1000,0.100,0.050,1.000,1.016,0
10,8.518,364358,17756,863,0,1000,0.100,0.050,1.000,1.019,0
1,12.652,573241,28206,1314,0,1000,0.100,0.050,1.000,1.020,0
2,9.504,433350,21188,990,0,1000,0.100,0.050,1.000,1.020,0
3,7.860,359620,17522,834,0,1000,0.100,0.050,1.000,1.014,0
4,11.618,527528,25900,1162,0,1000,0.100,0.050,1.000,1.020,0
5,10.381,472430,23143,1127,0,1000,0.100,0.050,1.000,1.023,0
6,10.852,493419,24193,1076,0,1000,0.100,0.050,1.000,1.015,0
7,8.203,375100,18287,848,0,1000,0.100,0.050,1.000,1.022,0
8,9.458,431183,21086,959,0,1000,0.100,0.050,1.000,1.015,0
9,8.934,407590,19917,910,0,1000,0.100,0.050,1.000,1.024,0
10,10.538,479132,23492,1137,0,1000,0.100,0.050,1.000,1.019,0
1,10.931,459327,22490,1077,0,1000,0.100,0.050,1.000,1.012,0
2,10.571,444233,21749,1014,0,1000,0.100,0.050,1.000,1.019,0
3,10.777,452555,22173,1019,0,1000,0.100,0.050,1.000,1.019,0
4,8.655,365307,17808,822,0,1000,0.100,0.050,1.000,1.018,0
5,8.771,370019,18047,803,0,1000,0.100,0.050,1.000,1.014,0
6,8.054,340938,16571,704,0,1000,0.100,0.050,1.000,1.017,0
7,9.548,402093,19646,851,0,1000,0.100,0.050,1.000,1.020,0
8,13.860,579952,28517,1382,0,1000,0.100,0.050,1.000,1.030,0
9,9.788,411889,20138,964,0,1000,0.100,0.050,1.000,1.017,0
10,9.045,381537,18611,848,0,1000,0.100,0.050,1.000,1.017,0
1,8.732,395139,19290,944,0,1000,0.100,0.050,1.000,1.017,0
2,10.515,473803,23227,1068,0,1000,0.100,0.050,1.000,1.024,0
3,7.105,323238,15695,770,0,1000,0.100,0.050,1.000,1.019,0
4,9.957,449633,21996,995,0,1000,0.100,0.050,1.000,1.017,0
5,9.888,445895,21842,973,0,1000,0.100,0.050,1.000,1.021,0
6,11.359,511426,25091,1170,0,1000,0.100,0.050,1.000,1.018,0
7,11.200,504139,24741,1205,0,1000,0.100,0.050,1.000,1.031,0
8,11.599,521817,25622,1228,0,1000,0.100,0.050,1.000,1.020,0
9,8.670,392603,19151,796,0,1000,0.100,0.050,1.000,1.015,0
10,10.975,494805,24244,1094,0,1000,0.100,0.050,1.000,1.021,0
1,8.722,383058,18671,832,0,1000,0.100,0.050,1.000,1.018,0
2,11.735,511847,25123,1196,0,1000,0.100,0.050,1.000,1.022,0
3,10.144,443659,21717,1054,0,1000,0.100,0.050,1.000,1.027,0
4,10.450,456833,22372,1050,0,1000,0.100,0.050,1.000,1.018,0
5,9.507,416241,20353,908,0,1000,0.100,0.050,1.000,1.021,0
6,8.600,377652,18411,838,0,1000,0.100,0.050,1.000,1.018,0
7,8.880,389622,19010,914,0,1000,0.100,0.050,1.000,1.019,0
8,9.141,400823,19569,931,0,1000,0.100,0.050,1.000,1.015,0
9,13.442,585047,28776,1357,0,1000,0.100,0.050,1.000,1.022,0
10,9.377,410594,20075,965,0,1000,0.100,0.050,1.000,1.020,0
1,9.965,401023,19578,924,0,1000,0.100,0.050,1.000,1.021,0
2,11.096,445206,21800,1054,0,1000,0.100,0.050,1.000,1.019,0
3,14.092,563011,27685,1246,0,1000,0.100,0.050,1.000,1.018,0
4,8.552,345650,16802,821,0,1000,0.100,0.050,1.000,1.016,0
5,11.891,476352,23362,1072,0,1000,0.100,0.050,1.000,1.026,0
6,8.483,342766,16666,807,0,1000,0.100,0.050,1.000,1.014,0
7,9.652,388311,18962,895,0,1000,0.100,0.050,1.000,1.016,0
8,8.728,352325,17147,832,0,1000,0.100,0.050,1.000,1.018,0
9,8.366,338140,16437,740,0,1000,0.100,0.050,1.000,1.013,0
10,9.174,369375,18024,866,0,1000,0.100,0.050,1.000,1.016,0
1,9.458,431157,21101,987,0,1000,0.100,0.050,1.000,1.018,0
2,10.893,495212,24303,1111,0,1000,0.100,0.050,1.000,1.020,0
3,11.381,517194,25392,1203,0,1000,0.100,0.050,1.000,1.019,0
4,11.448,519821,25541,1260,0,1000,0.100,0.050,1.000,1.025,0
5,6.992,321571,15599,644,0,1000,0.100,0.050,1.000,1.018,0
6,11.074,503691,24706,1090,0,1000,0.100,0.050,1.000,1.018,0
7,9.611,438188,21442,1062,0,1000,0.100,0.050,1.000,1.020,0
8,9.465,431689,21116,991,0,1000,0.100,0.050,1.000,1.015,0
9,10.500,477990,23427,1089,0,1000,0.100,0.050,1.000,1.018,0
10,9.178,419009,20477,964,0,1000,0.100,0.050,1.000,1.015,0
1,9.380,388478,18958,926,0,1000,0.100,0.050,1.000,1.016,0
2,7.549,314858,15258,701,0,1000,0.100,0.050,1.000,1.014,0
3,11.247,464146,22733,1110,0,1000,0.100,0.050,1.000,1.020,0
4,10.713,442383,21654,1023,0,1000,0.100,0.050,1.000,1.020,0
5,11.106,458295,22447,1094,0,1000,0.100,0.050,1.000,1.020,0
6,9.247,383042,18691,831,0,1000,0.100,0.050,1.000,1.019,0
7,9.463,391843,19127,883,0,1000,0.100,0.050,1.000,1.017,0
8,8.730,361961,17645,749,0,1000,0.100,0.050,1.000,1.018,0
9,11.377,469292,22995,1129,0,1000,0.100,0.050,1.000,1.020,0
10,11.188,461555,22613,1057,0,1000,0.100,0.050,1.000,1.015,0
1,7.236,309217,14992,645,0,1000,0.100,0.050,1.000,1.018,0
2,9.697,411060,20089,928,0,1000,0.100,0.050,1.000,1.017,0
3,9.545,404650,19774,916,0,1000,0.100,0.050,1.000,1.013,0
4,12.196,514783,25267,1146,0,1000,0.100,0.050,1.000,1.022,0
5,9.248,392519,19160,903,0,1000,0.100,0.050,1.000,1.015,0
6,10.965,463822,22716,1084,0,1000,0.100,0.050,1.000,1.015,0
7,10.538,445945,21833,1036,0,1000,0.100,0.050,1.000,1.018,0
8,11.285,477086,23379,1098,0,1000,0.100,0.050,1.000,1.022,0
9,10.324,436961,21388,1014,0,1000,0.100,0.050,1.000,1.020,0
10,8.967,380813,18577,880,0,1000,0.100,0.050,1.000,1.016,0
1,13.333,594541,29261,1425,0,1000,0.100,0.050,1.000,1.015,0
2,7.822,352537,17166,793,0,1000,0.100,0.050,1.000,1.014,0
3,12.916,576409,28347,1401,0,1000,0.100,0.050,1.000,1.024,0
4,9.670,433760,21222,979,0,1000,0.100,0.050,1.000,1.024,0
5,11.598,518522,25453,1141,0,1000,0.100,0.050,1.000,1.023,0
6,9.264,416215,20332,929,0,1000,0.100,0.050,1.000,1.018,0
7,8.412,378493,18462,845,0,1000,0.100,0.050,1.000,1.018,0
8,10.332,463083,22676,1052,0,1000,0.100,0.050,1.000,1.024,0
9,9.506,426611,20862,995,0,1000,0.100,0.050,1.000,1.016,0
10,7.148,322976,15688,652,0,1000,0.100,0.050,1.000,1.017,0
1,9.416,396071,19328,876,0,1000,0.100,0.050,1.000,1.018,0
2,12.636,528319,25938,1262,0,1000,0.100,0.050,1.000,1.025,0
3,10.506,440925,21565,1065,0,1000,0.100,0.050,1.000,1.019,0
4,11.715,490265,24046,1116,0,1000,0.100,0.050,1.000,1.018,0
5,10.666,447334,21893,1058,0,1000,0.100,0.050,1.000,1.019,0
6,9.719,408123,19950,985,0,1000,0.100,0.050,1.000,1.022,0
7,9.711,408105,19933,931,0,1000,0.100,0.050,1.000,1.016,0
8,8.634,363660,17723,804,0,1000,0.100,0.050,1.000,1.018,0
9,8.347,352088,17133,812,0,1000,0.100,0.050,1.000,1.016,0
10,8.651,364530,17757,767,0,1000,0.100,0.050,1.000,1.015,0
1,11.105,486862,23867,1078,0,1000,0.100,0.050,1.000,1.018,0
2,8.608,379441,18500,861,0,1000,0.100,0.050,1.000,1.017,0
3,7.693,339997,16534,749,0,1000,0.100,0.050,1.000,1.015,0
4,10.687,468819,22967,1034,0,1000,0.100,0.050,1.000,1.020,0
5,8.257,364161,17745,770,0,1000,0.100,0.050,1.000,1.020,0
6,9.001,396534,19345,883,0,1000,0.100,0.050,1.000,1.015,0
7,9.558,420206,20542,897,0,1000,0.100,0.050,1.000,1.016,0
8,13.581,592914,29187,1411,0,1000,0.100,0.050,1.000,1.022,0
9,10.018,439997,21529,1015,0,1000,0.100,0.050,1.000,1.018,0
10,11.491,503405,24696,1212,0,1000,0.100,0.050,1.000,1.016,0
1,11.037,490433,24043,1106,0,1000,0.100,0.050,1.000,1.018,0
2,8.809,393084,19188,885,0,1000,0.100,0.050,1.000,1.021,0
3,8.887,396579,19359,876,0,1000,0.100,0.050,1.000,1.020,0
4,11.224,498530,24450,1178,0,1000,0.100,0.050,1.000,1.020,0
5,11.857,525706,25828,1226,0,1000,0.100,0.050,1.000,1.021,0
6,9.863,439229,21485,1033,0,1000,0.100,0.050,1.000,1.015,0
7,7.730,345784,16838,752,0,1000,0.100,0.050,1.000,1.017,0
8,10.777,478792,23475,1082,0,1000,0.100,0.050,1.000,1.020,0
9,11.373,505040,24774,1142,0,1000,0.100,0.050,1.000,1.020,0
10,8.443,377402,18392,897,0,1000,0.100,0.050,1.000,1.018,0
1,8.481,364742,17762,819,0,1000,0.100,0.050,1.000,1.017,0
2,8.741,375497,18306,839,0,1000,0.100,0.050,1.000,1.019,0
3,10.911,466343,22851,1066,0,1000,0.100,0.050,1.000,1.019,0
4,7.675,330986,16074,725,0,1000,0.100,0.050,1.000,1.016,0
5,10.472,448143,21930,1058,0,1000,0.100,0.050,1.000,1.018,0
6,9.886,423133,20703,1020,0,1000,0.100,0.050,1.000,1.017,0
7,10.969,468898,22971,1079,0,1000,0.100,0.050,1.000,1.026,0
8,12.207,520648,25564,1197,0,1000,0.100,0.050,1.000,1.025,0
9,9.785,419642,20493,952,0,1000,0.100,0.050,1.000,1.021,0
10,10.872,464968,22769,1039,0,1000,0.100,0.050,1.000,1.016,0
1,6.752,291747,14121,621,0,1000,0.100,0.050,1.000,1.012,0
2,10.202,435942,21338,1023,0,1000,0.100,0.050,1.000,1.013,0
3,8.652,371336,18095,819,0,1000,0.100,0.050,1.000,1.020,0
4,8.873,380644,18559,889,0,1000,0.100,0.050,1.000,1.020,0
5,9.635,412483,20151,905,0,1000,0.100,0.050,1.000,1.016,0
6,10.722,457822,22426,1049,0,1000,0.100,0.050,1.000,1.022,0
7,11.854,505296,24794,1216,0,1000,0.100,0.050,1.000,1.018,0
8,12.280,522864,25683,1206,0,1000,0.100,0.050,1.000,1.023,0
9,8.881,380636,18574,896,0,1000,0.100,0.050,1.000,1.017,0
10,12.150,517462,25412,1198,0,1000,0.100,0.050,1.000,1.019,0
1,8.672,379230,18493,821,0,1000,0.100,0.050,1.000,1.015,0
2,9.087,396732,19379,943,0,1000,0.100,0.050,1.000,1.022,0
3,11.939,518603,25459,1153,0,1000,0.100,0.050,1.000,1.020,0
4,9.068,396121,19338,858,0,1000,0.100,0.050,1.000,1.017,0
5,11.160,485207,23798,1037,0,1000,0.100,0.050,1.000,1.017,0
6,8.180,358161,17444,782,0,1000,0.100,0.050,1.000,1.012,0
7,10.566,460178,22532,1023,0,1000,0.100,0.050,1.000,1.018,0
8,9.511,415232,20282,919,0,1000,0.100,0.050,1.000,1.011,0
9,9.447,412441,20146,917,0,1000,0.100,0.050,1.000,1.017,0
10,12.370,537064,26380,1230,0,1000,0.100,0.050,1.000,1.022,0
1,7.455,325535,15831,690,0,1000,0.100,0.050,1.000,1.013,0
2,14.153,610530,30054,1461,0,1000,0.100,0.050,1.000,1.032,0
3,10.289,446435,21849,1002,0,1000,0.100,0.050,1.000,1.020,0
4,10.342,448902,21962,1055,0,1000,0.100,0.050,1.000,1.019,0
5,12.341,533315,26206,1233,0,1000,0.100,0.050,1.000,1.025,0
6,10.824,468979,22986,1146,0,1000,0.100,0.050,1.000,1.020,0
7,9.369,407081,19895,953,0,1000,0.100,0.050,1.000,1.019,0
8,9.062,394321,19243,920,0,1000,0.100,0.050,1.000,1.018,0
9,8.298,361750,17621,783,0,1000,0.100,0.050,1.000,1.022,0
10,7.867,343360,16706,823,0,1000,0.100,0.050,1.000,1.016,0
1,10.603,503321,24695,1104,0,1000,0.100,0.050,1.000,1.021,0
2,9.803,466068,22831,1075,0,1000,0.100,0.050,1.000,1.019,0
3,9.628,457907,22425,1073,0,1000,0.100,0.050,1.000,1.020,0
4,10.746,510099,25027,1251,0,1000,0.100,0.050,1.000,1.023,0
5,9.525,453233,22185,1063,0,1000,0.100,0.050,1.000,1.020,0
6,9.808,466109,22843,1093,0,1000,0.100,0.050,1.000,1.019,0
7,10.977,520751,25565,1193,0,1000,0.100,0.050,1.000,1.017,0
8,9.118,433745,21236,966,0,1000,0.100,0.050,1.000,1.019,0
9,11.251,533350,26205,1349,0,1000,0.100,0.050,1.000,1.017,0
10,8.541,407174,19892,984,0,1000,0.100,0.050,1.000,1.017,0
1,8.492,380808,18581,884,0,1000,0.100,0.050,1.000,1.015,0
2,12.822,570333,28056,1281,0,1000,0.100,0.050,1.000,1.018,0
3,8.968,401695,19622,946,0,1000,0.100,0.050,1.000,1.020,0
4,10.036,448401,21960,1030,0,1000,0.100,0.050,1.000,1.021,0
5,8.000,359689,17504,762,0,1000,0.100,0.050,1.000,1.017,0
6,10.782,481157,23591,1121,0,1000,0.100,0.050,1.000,1.018,0
7,9.553,427897,20902,966,0,1000,0.100,0.050,1.000,1.019,0
8,11.090,494623,24266,1109,0,1000,0.100,0.050,1.000,1.019,0
9,9.802,438385,21448,1040,0,1000,0.100,0.050,1.000,1.015,0
10,10.455,466797,22876,1079,0,1000,0.100,0.050,1.000,1.022,0
1,9.048,363029,17657,828,0,1000,0.100,0.050,1.000,1.017,0
2,9.357,374660,18261,859,0,1000,0.100,0.050,1.000,1.016,0
3,10.875,433488,21222,977,0,1000,0.100,0.050,1.000,1.017,0
4,11.018,439509,21501,936,0,1000,0.100,0.050,1.000,1.019,0
5,9.626,385358,18785,833,0,1000,0.100,0.050,1.000,1.015,0
6,10.100,403448,19710,891,0,1000,0.100,0.050,1.000,1.016,0
7,12.061,479835,23538,1132,0,1000,0.100,0.050,1.000,1.030,0
8,9.224,369343,18001,845,0,1000,0.100,0.050,1.000,1.015,0
9,9.709,388425,18948,889,0,1000,0.100,0.050,1.000,1.019,0
10,8.983,359674,17530,825,0,1000,0.100,0.050,1.000,1.015,0
1,8.654,378737,18458,860,0,1000,0.100,0.050,1.000,1.012,0
2,8.257,361478,17610,835,0,1000,0.100,0.050,1.000,1.020,0
3,10.379,452166,22136,1054,0,1000,0.100,0.050,1.000,1.019,0
4,8.471,370580,18068,835,0,1000,0.100,0.050,1.000,1.019,0
5,11.609,504927,24760,1176,0,1000,0.100,0.050,1.000,1.018,0
6,12.158,528391,25931,1238,0,1000,0.100,0.050,1.000,1.021,0
7,8.814,385359,18799,910,0,1000,0.100,0.050,1.000,1.019,0
8,14.490,627289,30904,1423,0,1000,0.100,0.050,1.000,1.026,0
9,9.383,409658,20013,894,0,1000,0.100,0.050,1.000,1.020,0
10,7.785,341218,16603,714,0,1000,0.100,0.050,1.000,1.014,0
1,11.181,474898,23285,1064,0,1000,0.100,0.050,1.000,1.018,0
2,10.042,427312,20913,1035,0,1000,0.100,0.050,1.000,1.022,0
3,9.742,414855,20288,944,0,1000,0.100,0.050,1.000,1.018,0
4,8.826,376775,18381,790,0,1000,0.100,0.050,1.000,1.015,0
5,9.300,396827,19368,833,0,1000,0.100,0.050,1.000,1.018,0
6,8.593,367348,17895,835,0,1000,0.100,0.050,1.000,1.023,0
7,10.494,446438,21854,965,0,1000,0.100,0.050,1.000,1.022,0
8,10.556,449264,21983,1005,0,1000,0.100,0.050,1.000,1.020,0
9,11.428,485561,23801,1117,0,1000,0.100,0.050,1.000,1.024,0
10,9.840,419351,20493,936,0,1000,0.100,0.050,1.000,1.022,0
1,9.699,395805,19325,918,0,1000,0.100,0.050,1.000,1.016,0
2,11.307,459979,22527,1078,0,1000,0.100,0.050,1.000,1.017,0
3,8.437,345642,16809,715,0,1000,0.100,0.050,1.000,1.016,0
4,8.634,353571,17202,793,0,1000,0.100,0.050,1.000,1.018,0
5,12.832,520520,25566,1135,0,1000,0.100,0.050,1.000,1.018,0
6,11.264,458248,22442,1082,0,1000,0.100,0.050,1.000,1.019,0
7,9.893,403430,19711,982,0,1000,0.100,0.050,1.000,1.021,0
8,8.429,345056,16793,748,0,1000,0.100,0.050,1.000,1.013,0
9,9.594,391781,19114,884,0,1000,0.100,0.050,1.000,1.015,0
10,9.913,404245,19750,995,0,1000,0.100,0.050,1.000,1.014,0
1,10.279,460664,22558,1039,0,1000,0.100,0.050,1.000,1.019,0
2,8.979,403420,19705,907,0,1000,0.100,0.050,1.000,1.016,0
3,8.148,367004,17881,855,0,1000,0.100,0.050,1.000,1.016,0
4,13.850,617012,30394,1439,0,1000,0.100,0.050,1.000,1.025,0
5,8.149,366756,17883,904,0,1000,0.100,0.050,1.000,1.021,0
6,11.262,503616,24715,1147,0,1000,0.100,0.050,1.000,1.021,0
7,10.573,473373,23203,1078,0,1000,0.100,0.050,1.000,1.018,0
8,8.466,380956,18579,895,0,1000,0.100,0.050,1.000,1.019,0
9,10.031,449551,22013,1010,0,1000,0.100,0.050,1.000,1.014,0
10,10.264,460064,22524,1076,0,1000,0.100,0.050,1.000,1.019,0
1,9.158,400210,19530,874,0,1000,0.100,0.050,1.000,1.021,0
2,10.631,462868,22670,1022,0,1000,0.100,0.050,1.000,1.020,0
3,12.015,521834,25622,1203,0,1000,0.100,0.050,1.000,1.018,0
4,9.418,410933,20083,940,0,1000,0.100,0.050,1.000,1.022,0
5,9.416,411099,20079,914,0,1000,0.100,0.050,1.000,1.016,0
6,10.109,440511,21558,1040,0,1000,0.100,0.050,1.000,1.024,0
7,7.687,337432,16393,737,0,1000,0.100,0.050,1.000,1.017,0
8,11.664,506685,24874,1168,0,1000,0.100,0.050,1.000,1.024,0
9,12.032,522560,25658,1189,0,1000,0.100,0.050,1.000,1.019,0
10,7.870,344759,16783,806,0,1000,0.100,0.050,1.000,1.023,0
1,13.113,616587,30352,1429,0,1000,0.100,0.050,1.000,1.024,0
2,9.302,439909,21531,1000,0,1000,0.100,0.050,1.000,1.017,0
3,10.290,486143,23817,1055,0,1000,0.100,0.050,1.000,1.025,0
4,11.433,538648,26463,1247,0,1000,0.100,0.050,1.000,1.023,0
5,10.925,515182,25287,1203,0,1000,0.100,0.050,1.000,1.018,0
6,8.490,402358,19652,884,0,1000,0.100,0.050,1.000,1.018,0
7,10.808,509848,25017,1184,0,1000,0.100,0.050,1.000,1.016,0
8,8.908,421519,20619,963,0,1000,0.100,0.050,1.000,1.016,0
9,8.456,400955,19572,882,0,1000,0.100,0.050,1.000,1.013,0
10,8.274,392493,19152,922,0,1000,0.100,0.050,1.000,1.019,0
1,8.302,406764,19855,935,0,1000,0.100,0.050,1.000,1.016,0
2,9.452,461128,22606,1091,0,1000,0.100,0.050,1.000,1.017,0
3,12.017,584047,28740,1390,0,1000,0.100,0.050,1.000,1.019,0
4,9.786,477601,23404,1052,0,1000,0.100,0.050,1.000,1.019,0
5,8.811,430459,21074,976,0,1000,0.100,0.050,1.000,1.021,0
6,11.267,548426,26948,1209,0,1000,0.100,0.050,1.000,1.017,0
7,9.468,462132,22645,1074,0,1000,0.100,0.050,1.000,1.021,0
8,10.876,529860,26011,1186,0,1000,0.100,0.050,1.000,1.018,0
9,11.677,567908,27929,1276,0,1000,0.100,0.050,1.000,1.025,0
10,8.345,408737,19958,856,0,1000,0.100,0.050,1.000,1.018,0
1,10.518,411313,20087,939,0,1000,0.100,0.050,1.000,1.015,0
2,8.010,315195,15297,675,0,1000,0.100,0.050,1.000,1.015,0
3,10.970,428404,20950,942,0,1000,0.100,0.050,1.000,1.015,0
4,11.710,456668,22362,1020,0,1000,0.100,0.050,1.000,1.017,0
5,7.519,296914,14359,653,0,1000,0.100,0.050,1.000,1.017,0
6,8.556,336088,16340,778,0,1000,0.100,0.050,1.000,1.017,0
7,9.239,362184,17643,776,0,1000,0.100,0.050,1.000,1.014,0
8,11.718,456785,22377,1075,0,1000,0.100,0.050,1.000,1.015,0
9,12.331,480450,23548,1099,0,1000,0.100,0.050,1.000,1.022,0
10,9.429,369403,18006,804,0,1000,0.100,0.050,1.000,1.016,0
1,9.073,399027,19486,902,0,1000,0.100,0.050,1.000,1.018,0
2,8.765,385673,18825,879,0,1000,0.100,0.050,1.000,1.019,0
3,10.604,464744,22775,1068,0,1000,0.100,0.050,1.000,1.020,0
4,11.697,511536,25122,1278,0,1000,0.100,0.050,1.000,1.021,0
5,9.276,407863,19923,947,0,1000,0.100,0.050,1.000,1.017,0
6,8.547,376664,18357,839,0,1000,0.100,0.050,1.000,1.015,0
7,9.016,396359,19365,857,0,1000,0.100,0.050,1.000,1.018,0
8,10.105,443645,21703,1047,0,1000,0.100,0.050,1.000,1.025,0
9,11.634,509283,24987,1150,0,1000,0.100,0.050,1.000,1.016,0
10,11.284,494427,24236,1110,0,1000,0.100,0.050,1.000,1.019,0